created_utc,text,upvotes
2026-01-05T20:00:00,"Massive delay on Line 1 again this morning, 25 minutes stuck between stations Honestly the TTC is a joke at this point. Why does this keep happening?",28
2026-01-06T02:24:00,"Line 2 delay due to signal issue at Yonge Just a heads up for anyone heading downtown, Line 2 is currently single-tracking.",189
2026-01-07T12:48:00,Why is there always a delay on Mondays Seriously asking. Every single Monday morning rush hour. The reliability is terrible.,62
2026-01-08T14:12:00,Train stopped at Bloor for 15 minutes no announcement Got to work an hour late. The lack of communication is the worst part.,35
2026-01-10T08:36:00,"Snow is causing major issues today Multiple lines reporting delays. Stay safe everyone, give yourself extra time.",26
2026-01-11T09:00:00,Fire investigation at Union shut everything down Anyone know how long this is going to take? Need to get to the airport.,189
2026-01-12T07:24:00,"Line 1 actually running on time today, miracle Great service this morning. Smooth ride from Finch to King.",22
2026-01-13T10:48:00,Disruption between St George and Spadina Buses replacing trains. Going to be a long commute home.,108
2026-01-13T20:12:00,Mechanical issue causing 30 min delay on Line 2 Why does the equipment keep failing? Need better maintenance.,7
2026-01-14T23:36:00,Personal injury at track level Hope the person is okay. Be patient with delays everyone.,55
2026-01-16T07:00:00,Heat is making the trains slow today Rail expansion causing speed restrictions. Classic summer in Toronto.,129
2026-01-17T21:24:00,Track level intrusion at Bloor delaying everything Service suspended in both directions. Take the bus if you can.,6
2026-01-18T21:48:00,Power outage at Yonge Bloor Lights flickered then trains stopped. No info from operators.,50
2026-01-20T05:12:00,"Switch problem at Wilson, expect delays northbound Always Wilson. Why is it always Wilson with the switch issues?",166
2026-01-21T07:36:00,"Signal issue at Eglinton, 20 min delay Crowding building up at every station. Be careful.",139
2026-01-22T01:00:00,"Smooth weekend service for once Took the train downtown Saturday, no issues at all. Refreshing change.",56
2026-01-23T04:24:00,Snow squall causing system-wide slowdown Plows can't keep up. Multiple buses cancelled too.,150
2026-01-24T00:48:00,Major delay 45 minutes Line 1 northbound Stuck at Eglinton. People are getting frustrated. No staff to help.,207
2026-01-24T19:12:00,Reliability of the TTC is in decline Anyone else feel like it's worse this year? Or is it confirmation bias.,194
2026-01-26T02:36:00,"Brief delay this morning, recovered quickly Caught the next train within 5 minutes. Could be worse.",178
2026-01-27T13:00:00,Service alert: shuttle buses Eglinton to Lawrence Track maintenance overnight running long. Plan accordingly.,87
2026-01-28T10:24:00,"Crowded platform after delay, dangerous Need more staff for crowd control during disruptions.",39
2026-01-29T10:48:00,Why no announcement when train stops? Just sitting here in the dark. Bare minimum communication please.,245
2026-01-30T17:12:00,"Late night delay, no buses running Stranded after the show. Had to take Uber home. Expensive lesson.",26
2026-01-31T11:36:00,Construction at Davisville causing daily delays When will this end? Months of disruption already.,97
2026-02-01T15:00:00,Bomb threat investigation at Union Service halted. Police on scene. Avoid the area.,91
2026-02-03T01:24:00,Frozen switch at Sheppard Cold weather wreaking havoc. Standard winter problem.,154
2026-02-04T00:48:00,Door malfunction holding up Line 1 Same issue every cold snap. Equipment can't handle the temperature.,206
2026-02-04T20:12:00,Excellent recovery after morning incident Service back to normal within 30 minutes. Good work TTC.,186
2026-02-06T11:36:00,Skip-stop service announced last minute How am I supposed to plan around this? Frustrating.,137
2026-02-07T03:00:00,"Major snowstorm, expect delays everywhere If you can work from home today, please do. Roads and rails both messed up.",249
2026-02-08T14:24:00,Single tracking between Spadina and St George Always something on Line 2. Constant maintenance needed.,20
2026-02-09T21:48:00,"Quick delay, back to normal in 10 min Minor disruption, no big deal. Got to work on time.",75
2026-02-11T03:12:00,Late night Friday delay frustrating Trying to get home after a long week. Just one more issue please TTC.,158
2026-02-11T20:36:00,Power problem at Lawrence West Trains bypassing the station. Take alternate route.,147
2026-02-12T18:00:00,Suspicious package investigation at Bloor All clear after 20 minutes. Service resumed.,180
2026-02-13T16:24:00,Repeated Line 1 issues this week Three delays in two days. Something is wrong with the system.,11
2026-02-15T13:48:00,"Smooth commute today, finally After last week's chaos, this was a relief. Hope it continues.",58
2026-02-16T04:12:00,Track fire near Castle Frank Smoke filling the tunnel. Evacuated to street level.,20
2026-02-17T04:36:00,Operator illness causing delay Apparently they had to wait for a replacement driver. Wild.,221
2026-02-18T03:00:00,App said train arriving but no train The TTC app is so unreliable. Just stand on the platform and wait.,97
2026-02-19T10:24:00,Massive crowds at Bloor due to delays Almost dangerous level of crowding. Please send more trains.,116
2026-02-21T00:48:00,Storm causing flooding at platforms Water coming down the stairs at Lawrence. Yikes.,213
2026-02-21T18:12:00,Signal upgrade going well so far Some delays during the work but worth it long term hopefully.,41
2026-02-22T20:36:00,Hour long delay due to disabled train Train pulled out of service mid-tunnel. Had to walk back.,90
2026-02-23T18:00:00,Why are there so many delays during heat waves The system clearly cannot handle extreme weather. Needs investment.,171
2026-02-24T22:24:00,Cancelled overnight buses again Stranded downtown at 2am. The replacement service is unreliable.,179
2026-02-26T13:48:00,Quick service recovery after morning incident Back to normal by 9am. Could have been worse.,165
2026-02-26T21:12:00,Police investigation at Dundas West Multiple cruisers on scene. Trains bypassing.,155
2026-02-28T17:36:00,Mechanical failure shutting down Line 4 Sheppard line shut entirely. Buses replacing for hours.,43
2026-03-01T17:00:00,Wind storm causing tree damage to track Outdoor sections affected. Crews working to clear.,186
2026-03-02T09:24:00,Weekend closure between Sheppard and Finch Planned closure but still annoying when you forget.,41
2026-03-03T18:48:00,Signal upgrade work delaying weekend service Saturdays now unreliable too. When will this construction end?,97
2026-03-04T15:12:00,"Driver missed station, weird Train just blew past Wellesley. First time I've seen that.",236
2026-03-06T05:36:00,"Brief one minute delay, miracle Crisis averted. Made my connection.",176
2026-03-07T05:00:00,Stuck at Bloor again Third time this month. The crowding is unsafe.,56
2026-03-08T11:24:00,Bus replacement service slow Took twice as long as the train would have. As expected.,83
2026-03-08T17:48:00,Line 4 down for hours Why is the shortest line always the most broken?,58
2026-03-09T20:12:00,"Service excellent this morning 10 minute commute, exactly as scheduled. More of this please.",206
2026-03-11T07:36:00,Track switch problem at Lawrence Northbound delays building up. Heading home through Yonge tonight.,102
2026-03-12T08:00:00,Cold weather causing door issues system wide Why don't they use cold-rated equipment in Toronto of all places.,16
2026-03-13T08:24:00,Why are weekday rush hours always worse than weekends Every analysis shows it's the same trains running. So why the difference?,233
2026-03-14T22:48:00,Smoke at Sheppard West causing evacuation Brief panic but everyone evacuated safely. Investigation ongoing.,224
2026-03-16T05:12:00,Driver shortage causing service gaps Trains running every 8 minutes instead of 4 during rush hour.,80
2026-03-16T15:36:00,"Rain leak at Spadina, partially flooded Staff with mops everywhere. Looks tropical.",167
2026-03-18T03:00:00,Reduced service all day Sunday Construction continuing. At least it's a Sunday.,101
2026-03-19T10:24:00,"Major overnight delay never resolved Started at 11pm, still down at 6am. Wow.",117
2026-03-19T20:48:00,"Two delays in one commute Got lucky with timing, both resolved fast. But still annoying.",67
2026-03-20T23:12:00,"Service running like clockwork today Best commute in months. Whatever they're doing, keep it up.",63
2026-03-22T20:36:00,Why does February always feel worse than January Statistically I think it actually is the worst month for delays.,143
2026-03-23T17:00:00,Major mechanical failure at Davisville Whole train evacuated. Walked through tunnel. Scary.,67
2026-03-25T01:24:00,Brief PA announcement nightmare The PA was glitching all morning. Garbled instructions.,149
2026-03-25T17:48:00,"Storm delay update, expected back soon Crews working hard. Hopefully back in 30 minutes.",229
2026-03-27T01:12:00,Delay caused by jumper at Bloor Tragic. Hope the person gets help.,102
2026-03-27T20:36:00,Heat wave causing track issues Rail expansion forcing reduced speeds. Summer problems.,56
2026-03-28T16:00:00,Quick incident at Wilson Yard cleared fast Service back within 15 minutes. Efficient response.,130
2026-03-30T05:24:00,System-wide slowdown for unknown reason Operators don't even know what's going on apparently.,23
2026-03-30T17:48:00,Why is the TTC subway delay data so hard to find Tried to look up historical delays. Open data portal helps but messy.,220
2026-03-31T22:12:00,Customer service hold times insane Tried to call about a refund. 45 minutes on hold.,39
2026-04-02T17:36:00,Late train cost me a job interview Showed up 25 minutes late. They were not understanding.,40
2026-04-03T21:00:00,Compared TTC to Tokyo's system Night and day difference in reliability. We need to invest.,108
2026-04-04T21:24:00,Fire at Eglinton West cleared Brief delay. No injuries. Service resumed quickly.,16
2026-04-05T16:48:00,Repeated delays make it impossible to plan Need to leave 30 minutes earlier than the schedule suggests.,97
2026-04-07T02:12:00,Smooth ride from Don Mills to Yonge No issues today. Surprised but happy.,119
2026-04-08T01:36:00,Why is communication so bad during delays If they updated us we could plan. The silence is the worst.,64
2026-04-09T05:00:00,Late night service genuinely unreliable Don't trust the schedule after 11pm. Plan for failures.,220
2026-04-09T14:24:00,Snow squall hitting evening rush Get home early if you can. Trains running slow already.,174
2026-04-11T15:48:00,"Brief stop at Pape, quickly resumed 5 minute delay. Manageable.",29
2026-04-12T16:12:00,System recovered well from this morning's chaos Hats off to operations. Back to normal by 10am.,226
2026-04-13T14:36:00,Scheduled maintenance running long The weekend closure extended into Monday morning. Predictable.,192
2026-04-14T08:00:00,"Delay due to flooding, of course Toronto storm sewers can't handle it. TTC suffers downstream.",196
2026-04-15T22:24:00,Quiet Sunday service was excellent No delays. Empty trains. Felt almost peaceful.,87
2026-04-16T07:48:00,Major signal issue causing system delays All lines reporting issues. Traveling alternative route today.,75
2026-04-17T20:12:00,Stuck at Lawrence for 20 minutes Train just sitting there. No update from staff.,40
2026-04-18T23:36:00,Signal cable fire causing major outage Multiple lines affected. Service replacement buses on standby.,0
2026-04-20T11:00:00,Power issue at Eglinton resolved Brief 10 minute outage. Service resumed.,224
2026-04-21T13:24:00,"Just took the GO instead, smooth TTC delays this morning made me try GO. Faster downtown.",67
2026-04-22T08:48:00,Why are we still having signal issues in 2026 Surely the resignaling project should have fixed this by now.,195
2026-04-23T00:12:00,Excellent recovery after major incident Service back within an hour. Operations team did well.,129
2026-04-24T00:36:00,"Brief delay, no impact on commute Got lucky with timing. 5 minute hold.",222
